customer_id,first_name,last_name,email,phone_number,address,date_of_birth
1,Tonya,Mccann,tonya.mccann@gmail.com,312-262-7583,"8026 Griffith Stravenue, West Jeffrey, WV 24626",1949-08-28
2,Tracy,Bond,tracy.bond@gmail.com,515-769-1436,"77251 Sharon Mill Apt. 001, West Antonio, NV 41518",2003-03-08
3,Tara,Rodriguez,tara.rodriguez@gmail.com,806-810-9507,"1758 Jason Turnpike, Leville, SD 49925",1991-01-25
4,Christopher,Castillo,christopher.castillo@gmail.com,268-542-7243,"8780 West Place Apt. 904, East Jamesville, WV 02306",1980-04-12
5,Brian,Barker,brian.barker@gmail.com,966-373-9222,"304 Perez Fork Apt. 274, Jeffreystad, SD 49830",1997-05-04
6,Austin,Cruz,austin.cruz@gmail.com,551-855-8227,"94726 Jennifer Fork, Deborahville, AL 95171",1981-07-02
7,Jason,Hardy,jason.hardy@gmail.com,222-348-8144,"024 Hardy Ramp Apt. 119, South Kelly, WV 60879",1980-06-01
8,Angela,Diaz,angela.diaz@gmail.com,155-708-6528,"407 Williams Prairie, South Sarahaven, WV 29273",1951-01-19
9,Pamela,Vang,pamela.vang@gmail.com,560-145-1657,"5635 Santiago Mission Apt. 045, Brandonberg, CT 52577",1998-10-09
10,Erin,Casey,erin.casey@gmail.com,508-192-3230,"74694 Roger Hollow Apt. 426, West Michelle, AL 70164",1935-06-03
11,Kenneth,Thompson,kenneth.thompson@gmail.com,501-275-1261,"PSC 3183, Box 2180, APO AE 29343",1999-11-08
12,Joseph,Montes,joseph.montes@gmail.com,392-633-3884,"13013 Mark Rue Apt. 947, Powersmouth, WV 54407",1950-08-21
13,Brad,Brown,brad.brown@gmail.com,501-356-4287,"Unit 3088 Box 6305, DPO AE 47466",1955-04-10
14,Matthew,Gallegos,matthew.gallegos@gmail.com,589-793-9962,"53206 Marshall Knolls Apt. 942, Michaelbury, MO 93916",2001-01-06
15,David,Blevins,david.blevins@gmail.com,481-122-9017,"448 April Trace Apt. 316, North Steven, AZ 62699",1984-06-24
16,Tracy,Clay,tracy.clay@gmail.com,411-214-1838,"88156 Bishop Radial Apt. 429, Jenniferstad, TX 33907",1946-08-01
17,Felicia,Schmidt,felicia.schmidt@gmail.com,470-194-2638,"9465 David Creek Apt. 784, Port Justin, DC 89666",1947-01-06
18,Beth,Kirk,beth.kirk@gmail.com,388-806-6043,"797 Huerta Route, North Christina, NM 45066",1943-03-28
19,Lisa,Ware,lisa.ware@gmail.com,665-276-5288,"Unit 2901 Box 5131, DPO AE 64441",1984-11-27
20,Nancy,Shaw,nancy.shaw@gmail.com,983-239-3373,"51506 Costa Key Suite 358, Melindahaven, OR 65104",1957-03-21
21,Thomas,Garcia,thomas.garcia@gmail.com,177-918-2308,"74200 White Squares Suite 273, Port Jessica, PA 52909",1954-07-01
22,Keith,Ortega,keith.ortega@gmail.com,680-244-2596,"06945 Melanie Cove Suite 086, Lake Reneehaven, KY 74015",1941-09-24
23,David,Murphy,david.murphy@gmail.com,531-730-1770,"5716 Brett Way, Rubiofurt, MI 08976",1966-04-08
24,Frank,Sanchez,frank.sanchez@gmail.com,371-945-8361,"365 Davis Motorway, Brennanmouth, MI 37291",1946-12-22
25,James,Gomez,james.gomez@gmail.com,564-493-5384,"557 Heather Spurs, North Shanefort, NJ 93534",1964-10-13
26,Julie,Levine,julie.levine@gmail.com,436-437-6771,"081 Janice Haven, East Timothyview, PA 70044",1986-08-16
27,Tonya,Mcintyre,tonya.mcintyre@gmail.com,654-418-6510,"4377 Ramirez Tunnel Apt. 358, Jenniferview, DE 72105",1960-11-01
28,Kathleen,Jones,kathleen.jones@gmail.com,580-830-4014,"47897 Wallace Roads, East Corey, CO 54546",1971-03-07
29,Michelle,Vang,michelle.vang@gmail.com,342-816-8434,"373 Peter Glens Apt. 123, West Ashley, GA 83313",2002-01-29
30,Caroline,Lee,caroline.lee@gmail.com,409-391-5062,"8569 Smith Plains Suite 671, Barnettville, IA 33684",1954-11-17
31,Michael,Mueller,michael.mueller@gmail.com,418-419-9250,"098 Green Estates Suite 196, New Marilynhaven, DE 39445",1941-05-29
32,Grace,Schultz,grace.schultz@gmail.com,110-827-5825,"292 Romero Lake, Davidtown, AZ 32708",1979-05-16
33,Jacob,Lopez,jacob.lopez@gmail.com,301-648-8694,"4332 Williams Plains Suite 061, West Omarhaven, MS 00769",1961-06-25
34,Vanessa,Oliver,vanessa.oliver@gmail.com,299-273-2035,"5453 Smith Rest, Brockmouth, NH 12340",1946-12-10
35,Tamara,Henry,tamara.henry@gmail.com,326-161-2016,"16403 Melissa Trail Apt. 224, Lake Sarah, CA 76257",1939-01-31
36,Kristine,Mejia,kristine.mejia@gmail.com,100-140-5230,"5322 Robert Hills Apt. 754, South Johnhaven, HI 22966",1989-09-21
37,John,Oneal,john.oneal@gmail.com,892-644-6286,"89401 Kimberly Wells, Christon, IL 01903",1955-01-15
38,Ashlee,West,ashlee.west@gmail.com,933-367-2806,"2329 Powell Drive Apt. 620, Lake Seth, MT 54752",1964-05-04
39,Michele,Johnson,michele.johnson@gmail.com,462-631-2041,"33706 Coleman Common Apt. 272, Lake Natalieland, NY 56532",1995-03-17
40,Ashley,Butler,ashley.butler@gmail.com,227-455-7484,"600 Timothy Forges, New Donmouth, TN 21022",1935-05-23
41,Kenneth,Harris,kenneth.harris@gmail.com,286-239-1678,"4260 Blankenship Wells, Thompsonburgh, TX 96801",1974-03-18
42,John,Leon,john.leon@gmail.com,953-257-5035,"55451 Jefferson Squares, Saundersstad, IN 91815",1995-07-30
43,Ethan,Kline,ethan.kline@gmail.com,815-672-2460,"13992 Wu Lights Suite 559, New Nicholeside, DC 93890",1990-12-15
44,Larry,Jones,larry.jones@gmail.com,790-780-9878,"USS Mcdaniel, FPO AA 24791",1955-12-06
45,Rebecca,Jackson,rebecca.jackson@gmail.com,710-101-2793,"571 Brooks Park Suite 993, Beckertown, HI 14547",2004-05-30
46,James,Austin,james.austin@gmail.com,171-282-9246,"5141 Cortez Locks, Lake Paultown, MA 74429",2003-11-22
47,Travis,Ortiz,travis.ortiz@gmail.com,685-664-8716,"763 David Crest Apt. 354, South Courtneyside, NM 30901",1936-06-27
48,Brandon,Aguirre,brandon.aguirre@gmail.com,120-631-5629,"50877 Terri Mountain Suite 546, New William, NJ 36138",1954-07-21
49,Marilyn,Kirby,marilyn.kirby@gmail.com,752-672-8332,"267 Ronald Village, South Wendy, RI 75542",1975-12-27
50,Justin,Green,justin.green@gmail.com,417-261-8331,"50267 Reid Harbors Apt. 015, Stevenland, HI 13301",1971-06-21
51,Jeremy,Richardson,jeremy.richardson@gmail.com,187-468-1657,"1813 Cooper Orchard, Marystad, IA 70246",1977-02-15
52,Jamie,Alvarado,jamie.alvarado@gmail.com,145-668-9259,"1389 Sanders Lane Suite 947, East Chrisview, WA 37570",2004-06-17
53,Tammy,Foster,tammy.foster@gmail.com,640-588-4215,"PSC 0998, Box 2969, APO AA 39961",1975-07-10
54,Amanda,Larsen,amanda.larsen@gmail.com,218-848-7435,"1013 Ryan Track, New Daniel, MS 52984",1964-08-09
55,Pamela,Barton,pamela.barton@gmail.com,710-752-8059,"6221 Morgan Squares Suite 179, Jimenezfurt, NV 91718",1990-08-31
56,Elizabeth,Daniels,elizabeth.daniels@gmail.com,837-844-4327,"87189 Hawkins Mills, Port Natalie, DC 99190",1993-08-12
57,Sean,Reid,sean.reid@gmail.com,917-753-2014,"4519 Smith Extension Apt. 099, Hammondton, MI 69988",2004-03-28
58,Jennifer,Matthews,jennifer.matthews@gmail.com,809-606-6832,"89412 Barbara Fork Apt. 466, West Meghan, MA 90241",1942-10-29
59,Brenda,Santiago,brenda.santiago@gmail.com,405-465-6734,"92317 Patricia Garden, North Kristen, MS 10589",1941-04-27
60,Sherry,Lucas,sherry.lucas@gmail.com,943-427-8156,"27573 Jacob Rapids, Port Amanda, NJ 26752",1955-09-15
61,Yvette,Wiggins,yvette.wiggins@gmail.com,838-107-4429,"80979 Reynolds Springs Suite 465, Denisebury, ID 51874",1958-02-10
62,Diana,Velez,diana.velez@gmail.com,210-265-5050,"479 Timothy Forest Suite 432, Barbaramouth, MI 03361",1993-11-04
63,Lori,Thompson,lori.thompson@gmail.com,730-463-1733,"278 Chambers Mountain, Robinsonton, PA 80734",1967-12-15
64,Aaron,Burns,aaron.burns@gmail.com,647-456-4500,"89384 Barbara Pass Suite 603, Jenniferstad, CT 19241",1974-03-12
65,Jesus,James,jesus.james@gmail.com,652-382-5773,"0473 Bell Mountain, Port Marieport, CT 87436",1982-02-04
66,David,Russell,david.russell@gmail.com,898-603-6328,"6371 Francis Highway, East Franciscoton, RI 77364",1935-08-11
